2	Bruce Richardson	
3	Mendel Cooper	thegrendel@theriver.com
5	Rich Payne	rdp@alphalinux.org
6	Valentijn Sessink	valentyn@alsa-project.org
7	Oliver Corff	corff@zedat.fu-berlin.de
9	Ray Van Dolson	rayvd@firetail.org
10	Daniel Lopez Ridruejo	ridruejo@apache.org
11	Mathew E. Kirsch	kirschm@snyalfva.cc.alfredtech.edu
13	Christopher Neufeld	neufeld@physics.utoronto.ca
14	Francis Litterio	litterio@pyxsys.net
15	Giles Orr	giles@interlog.com
16	Hanno Mueller	hanno@lava.de
17	Alexander Mikhailian	mikhailian@altern.org
18	Dag Wieers	dag@mind.be
20	David H. Dennis	david@amazing.com
21	Wim van Dorst	WvD@clifton.nl
22	Michael Robinton	michael@bizsystems.com
23	Derek Ney	derek@hipgraphics.com
24	Christopher Cole	cole@coledd.com
25	Neal Crook, Digital Equipment	neal.crook@reo.mts.digital.com
26	Neil Zanella	nzanella@ganymede.cs.mun.ca
28	Richard Sigle	richard.sigle@equifax.com
30	David Fetter	david@fetter.org
31	Vladimir Vuksan	vuksan@veus.hr
33	Al Dev	alavoor@yahoo.com
34	Randolph Tata	randy@talcon.com
36	Siddharth Heroor	s_heroor@yahoo.com
37	Scott Wunsch	scott@wunsch.org
40	Doug Loss	dloss@seul.org
41	Sebastian Schreiber	
42	Guido Gonzato	ggonza@tin.it
43	Zili Zhang	silen@silen.net
47	Aurora Skarra-Gallagher	
49	Dan Scott	
51	Andres Seco	andressh@ctv.es
55	Ilia Baldine	ibaldin@anr.mcnc.org
57	Robert B. Easter	reaster@comptechnews.com
58	David Fannin	dfannin@sushisoft.com
59	Nathan Rowlan	nkr@helo.org
61	Jeremy D. Zawodny	jeremy@zawodny.com
62	Albert M.C. Tam	bertie@scn.org
63	Gary Meyer	gary@meyer.net
64	Mark F. Komarinski	markk@linuxdoc.org
65	Tomas Ericsson	tomase@matematik.su.se
487	John Tapsell	tapselj0@cs.man.ac.uk
67	Martin Hinner	mhi@penguin.cz
68	Pekka Taipale	pjt@iji.fi
69	Mark Grennan	mark@grennan.com
70	Francois-Rene Rideau	fare@tunes.org
71	Donovan Rebbechi	elflord@panix.com
72	Alex Buell	alex.buell@tahallah.clara.co.uk
74	Greg O'Keefe	gcokeefe@postoffice.utas.edu.au
76	Claus-Justus Heine	heine@math1.rwth-aachen.de
77		
78	Matthew Borowski	
80	Eric Green	ejg3@cornell.edu
81	John Eikenberry	
82	Algologic Research & Solutions	algolog@hd1.vsnl.net.in
85	Ryon VanderBijl	
86	Yves Bellefeuille	yan@storm.ca
88	Ric Lister	ric@giccs.georgetown.edu
92	Stein Gjoen	sgjoen@nyx.net
93	Juraj Sipos	xvudpapc@savba.sk
95	Greg Ferguson	gferg@sgi.com
98	Bruno Cornec	bruno@hyper-linux.org
101	Pal Domokos	pal.domokos@usa.net
104	John Wiggins	jwiggins@comp.uark.edu
105	Ingvar Hagelund	ingvar@linpro.no
106	John E. Danner	
107	Robert Hart	hartr@interweft.com.au
108	Michael Strates	mstrates@croftj.net
109	Egil Kvaleberg	egil@kvaleberg.no
110	David H. Silber	javacgi-document@orbits.com
112	Nathan Meyers	nmeyers@javalinux.net
113	Herbert S. DaSilva	
115	Paul Sutton	none
117	David Burley	
118	Andries Brouwer	aeb@cwi.nl
119	Roel van Meer	r.vanmeer@linvision.com
120	Luiz Ernesto Pinheiro Malere	malere@yahoo.com
122	Guylhem Aznar	guylhem@metalab.unc.edu
123	Rob van der Putten	rob@sput.signature.nl
125	Luis Villa	luge@users.sourceforge.net
130	Michael De La Rue	access-howto@ed.ac.uk
131	Kurt Siefried	siefried@siefried.org
132	Thomas Koenig	Thomas.Koenig@ciw.uni-karlsruhe.de
133	Paul L. Rogers	Paul.L.Rogers@li.org
134	Hans Kugler	der.hans@LuftHans.com
135	Marcus Faure	marcus@faure.de
136	Konstantin Boldyshev	konst@linuxassembly.org
138	Terry Dawson	terry@perf.no.igj.telstra.com.au
139	Sebastiano Vigna	vigna@acm.org
140	Andre D. Balsa	andrewbalsa@usa.net
141	Peter Breuer	ptb@it.uc3m.es
142	Uwe Bohme	uwe@bnhof.de
144	Joshua Drake	poet@linuxports.com
146	Philippe Martin	feloy@wanadoo.fr
151	Wolfram Diestel	
152	Paul Gortmaker	
153	Aaron Crane	aaronc@pobox.com
154	Robert Kiesling	rkiesling@mainmatter.com
159	Michael K. Johnson	
161	Harish Thampi	harish.thampi@wipro.com
162	Tobby Banerjee	tobbyb@usa.net
163	Kevin Snively	k.snively@seaslug.org
164	Riku Saikkonen	
165	Rusty Russell	
166	David Ranch	dranch@trinnet.net
167	Kevin Thorpe	kevin@pricetrak.com
168	Frederic L. W. Meunier	
169	Marco Gaiarin	gaio@pluto.linux.it
170	Henrik Storner	kerneld-howto@linuxdoc.org
171	Tigran Aivazian	tigran@veritas.com
177	Ralf Bachle	ralf@gnu.org
181	Brent Baccala	baccala@freesoft.org
182	Kris Buytaert	kris.buytaert@advalavas.be
185	Tavis Barr	tavis@mahler.econ.columbia.edu
186	Gunther Voet	freaker@tuc.ml.org
187	Hideki Saito	hideki@chatlink.com
188	Robert S. Dubinski	
189	Skip Rye	abr@preferred.com
191	Jim Weller	jim@jimweller.net
192	Hank Dietz	pplinux@ecn.purdue.edu
194	Michael Will	michael.will@student.uni-tuebingen.de
195	David Hinds	dahinds@users.sourceforge.net
196	Andrea Controzzi	controzz@cli.di.unipi.it
197	Carlos A.M. dos Santos	casantos@cpmet.ufpel.tche.br
200	Bob Zimbinski	bobz@mr.net
201	Gregory Leblanc	gleblanc@cu-portland.edu
205	Michael H. Jackson	mhjack@tscnet.com
206	Erez Strauss	erez@newplaces.com
207	David Mentre	david.mentre@irisa.fr
208	Max Berger	
209	Rahul U. Joshi	jurahul@hotmail.com
210	Steve Frampton	
211	Sean Walton	swalton@columbus.rr.com
212	Christoph Baumann	cgb@debian.org
216	John D. Hardin	jhardin@wolfenet.com
217	Anton Chuvakin	anton@chuvakin.org
221	Thomas Chao	tomchao@lucent.com
222	Marco Melgazzi	marco@techie.com
224	Ryan T. Rhea	rhear@cs.winthrop.edu
225	Bek Oberin	gossamer@tertius.net.au
226	John Archie	
227	Robert W. Schultz	
230	Christopher Richardson	rdn@tara.n.eunet.de
233	Greg Lindahl	lindahl@pbm.com
234	Ivan Kanis	ivank@juliva.com
235	Juan-Mariano de Goyeneche	jmseyas@dit.upm.es
237	Ian Hodge	ian@permedia.ca
238	Karl Larsen	k5di@yahoo.com
240	Brieuc Jeunhomme	contact@logilab.fr
241	Florian Keuhnert	sutok@gmx.de
242	Ofer Maor	
243	Andreas Kostyrka	anderas@ag.or.at
244	Douglas Gilbert	dgilbert@interlog.com
488	Thomas Spellman	thomas@resonance.org
247	Howard Mann	howardm@xmission.com
248	Paul Haigh	paul@nailed.demon.co.uk
249	Stephen Darlington	
252	Jean-Daniel Dodin	
253	Esa Turtiainen	etu@dna.fi
254	David Merrill	david@lupercalia.net
256	Gilles Lamiral	lamiral@linux-france.org
486	Steven Pritchard	steve@silug.org
260	Tom McKellips	tom@computechnology.com
264	David A. Wheeler	
265	Risto S. Varanka	
267	Bob Edwards	robert.edwards@anu.edu.au
268	Dan Kuykendall	
270	Paul Ramsey	
271	Martin Hamilton	
273	Vincent Zweije	zweije@xs4all.nl
274	Hans de Goede	hans@highrise.nl
275	Michael A. Robinton	michael@bzs.org
276	Donnie Barnes	djb@redhat.com
277	Dave Whitinger	dave@whitinger.net
279	Manish Singh	yosh@gimp.org
281	Gerhard Mourani	gmourani@openna.com
282	Thomas Roessler	roessler@guug.de
283	Zoltan Csala	zolika@sexampro.prvo-skloni-ovo.yu
286	Harish Pillay	h.pillay.ieee.org
288	Irish	irish@eskimo.com
290	Primoz Peterlin	
291	Todd Burgess	tburgess@uoguelph.ca
292	David Wood	dwood@plugged.net.au
293	Linas Vepstas	linas@linas.org
294	Eric S. Raymond	esr@thyrsus.com
296	Marcus Brinkmann	marcus.bringmann@ruhr-uni-bochum.de
297	Gonzalo Garcia-Agullo	gonzalo.garcia-agullo@jrc.es
298	Lionel Bouchpan-Lerust-Juery	trollhunter@linuxfr.org
299	Stephen Cook	scook@gear21.com
302	Shayne Lebrun	
305	Geoff Short	geoff@kipper.york.ac.uk
306	Eric Sandeen	eric_sandeen@bigfoot.com
307	Matthew P. Barnson	barnboy@trilobyte.net
308	Ron Bean	rbean@execpc.com
310	Johan De Wit	jo@correct.nl
311	David Hastings	dah@ngdc.noaa.gov
312	Yair G. Rajwan	ttyair@hobbes.jct.ac.il
313	Paul D. Smith	psmith@baynetworks.com
315	Bernd Kreimeier	bk@gamers.org
316	Tom Fawcett	bootdisk-howto@linuxdoc.org
318	Chris Bagwell	cbagwell@sprynet.com
319	Jeff Tranter	tranter@pobox.com
320	Anthony Ciaravalo	acj@home.com
322	Alexander L. Belikoff	abel@bfr.co.il
323	Niels Kristian Bech Jensen	nkbj@sslug.dk
326	Jim Van Zandt	jrv@vanzandt.mv.com
328	Daniel Barlow	
330	Pramod Karnad	karnad@indiamail.com
333	Brian Ward	bri@cs.uchicago.edu
336	Mike Harlan	r3mdh@raex.com
338	Phil Kerr	phil@plus24.com
341	Daniel Lopez Ridreujo	ridruejo@rawbyte.com
343	Thorsten Kukuk	
344	Grant Taylor	gtaylor+pht@picante.com
349	Heiko Eibfeldt	heiko@colossus.escape.de
350	Peter H. Baumann	peter.baumann@dlr.de
352	Yoo C. Chung	wacko@laplace.snu.ac.kr
354	Luca Rossetti	lukaros@tin.it
355	Poonlap Veeratanabutr	poon-v@fedu.uec.ac.jp
356	Paul Anderson	paul@geeky1.ebtech.net
357	Brion Vibber	brion@pobox.com
361	Chris Fischer	protek@firstlinux.net
362	Andrew M. Bishop	amb@gedanken.demon.co.uk
364	Vincent Broman	
366	R. E. Wolff	r.e.wolff@bitwizard.nl
369	Bruno Haible	haible@clisp.cons.org
372	Harvey J. Stein	hjstein@bfr.co.il
489	Matthias Grimm	DeadBull@gmx.net
374	Douglas Ridgway	ridgway@winehq.com
375	Alexandre J.	alexandre12@mageos.com
376	Ray Brigleb	ray@aracnet.com
377	Stephen Noble	stephen7@bigfoot.com
380	Mike Eckhoff	mike.e@emissary.aus-etc.com
382	Bear Giles	bgiles@coyotesong.com
383	Bartek Kostrzewa	bartek@pt.lu
384	Gorken Cetin	gorkem@gelecek.com.tr
385	Jacques Gelinas	jacques@solucorp.qc.ca
387	Peter Hernberg	
388	Barak Pearlmutter	bap@cs.unm.edu
389	Dennis Baker	drbaker@softhome.net
390	Brian Hayward	twivel@slothmud.org
392	Brian Ackerman	brian@nycrc.net
394	Alessandro Rubini	rubini@linux.it
396	Robert Arcomano	bertolinux@galactica.it
397	Matthew D. Wilson	matthew@shinythings.com
398	Arnaud Claden	
401	Renzo Zanelli	rzanelli@southeast.net
403	Ryan Cartwright	crimperman@enterprise.net
405	Wade Hampton	whampton@staffnet.com
509	Franck Martin	franck@sopac.org
407	Kevin Taylor	kevin@northants.lug.org.uk
409	Hal Burgiss	hal@foobox.net
411	Eric Kidd	eric.kidd@pobox.com
412	Kyle Dansie	dansie@ibm.net
83		
102	Matt Welsh	
331	David A. Rusling	david.rusling@arm.com
358	Larry Greenfield	
413	Carl Munio	\N
414	Jim Ludemann	\N
8	Thom Coates	
415	Douglas Eadline	\N
19	Jacek Radajewski	
416	Peter van der Ahe	pahe+rhad@daimi.au.dk
29	Morten Kjeldgaard	mok@imsb.au.dk
417	Annie Pinder	ajp@leguin.org.uk
419	Markus Gutschke	markus+etherboot@gutschke.com
420	Ken Yap	ken.yap@acm.org
421	Gero Kuhlmann	gero@gkmniix.han.de
54	Robert Nemkin	buci@math.klte.hu
422	Jamie Norrish	\N
423	Mike Miller	\N
424	Kjell Sundby	\N
91	Kjetil Bakkeskaug	
428	Marbni Stodolsky	stodolsk@erols.com
128	Sean Walbran	sean@walbran.org
137	Elwood Downey	howto@astronomy.net
433	Cd Chen	cdchen@linux.ntcic.edu.tw
143	Chih-Wei Huang	cwhuang@phys.ntu.edu.tw
434	Wade W. Hampton	whampton@staffnet.com
150	Werner Heuser	wehe@mobilix.org
435	Jan P. Tietze	jptietze@mail.hh.provi.de
174	Leif Erlingsson	leif@lege.com
180	Bart Geens	bart.geens@advalvas.be
437	Peter Klimas	linux_nag@canada.com
184	Stan Klimas	linux_nag@canada.com
199	Corwin Light-Williams	
505	Sayamindu Dasgupta	unmadindu@Softhome.net
202	Marc Vuilleumier Stuckelberg	
203	Kevin Fenzi	kevin@tummy.com
441	Benjamin Thomas	\N
442	Michael Wyrick	vme@linux.va.net
443	Richard Allen	\N
445	David Huggnis-Daines	\N
309	David Hodges	davidhodges@altavista.net
446	Peter Jay Salzman	p@dirac.org
334	Ori Pomerantz	mpg@simple-tech.com
448	Sven Goldt	\N
449	John D. Harper	\N
450	Sven van der Meer	\N
346	B. Scott Burkett	
452	Joanna Oja	viu@iki.fi
353	Lars Wirzenius	liw@iki.fi
395	Bruce Guenter	
204	Dave Wreski	dave@linuxsecurity.com
94	David S. Lawyer	dave@lafn.org
38	Fotis Georgatos	gef@hellug.gr
155	Gerard Beekmans	gerard@linuxfromscratch.org
218	Jonathan Katz	jon@jonworld.com
339	Olaf Kirch	okir@monad.swb.de
453	Roberto Arcomano	berto@fatamorgana.com
454	Florindo Santoro	flosan@hack-it.it
455	Marc Nozell	marc.nozell@compaq.com
456	Aylwin Lo	\N
457	Tom Slee	tom.slee@sybase.com
458	Joy Yokley	jyokley@us.ibm.com
172	Riley Williams	rhw@bigfoot.com
459	Zach Brown	zab@zabba.net
4	Andrew Sullivan	asullivan@sprint.ca
89	Sarma Seetamraju	sarma@usa.net
179	Lauri Tischler	ltischler@efore.fi
190	Hamish Moffatt	moffatt@yallara.cs.rmit.edu.au
228	Jens Schweikhardt	schweikh@noc.dfn.de
232	Konrad Rzeszutek	conradus@iname.com
229	Hideki Saito	hideki@eskimo.com
378	Kent Lewis	kent@fiona.umsmed.edu
39	Thorbjørn Ravn Andersen	ravn@dit.ou.dk
52	Rodney van den Oever	Rodney.van.den.Oever@tip.nl
53	Zenon Fortuna	zenon@netcom.com
60	Michael Driscoll	fenris@lightspeed.net
84	Philip Markwalder	pgmarkwa@stud.ee.ethz.ch
99	Keith M. Corbett	kmc@specialform.com
114	Hironobu ABE	hironobu@ap.isl.melco.co.jp
148	Alan L. Wendt	alan@ez0.ezlink.com
250	Chris Snell	chris@unm.dorm.net
261	R Marc Phillips	rmarc@netcom.com
262	Winfried Trümper	winni@xpilot.org
289	Dave Kennedy	davek@Muscle.Net
295	Eric Z. Ayers	Eric.Ayers@compgen.com
158	Patrick Reijnen	patrickr@bart.nl
321	Mark Swanson	ag010@freenet.carleton.ca
342	Vince Skahan	vince@halcyon.com
348	Drew Eckhardt	drew@PoohSticks.org
402	Robert Goodwin	Robert.Goodwin@mcc.ac.uk
408	Darin Ernst	dernst@pppl.gov
1	Dave Jarvis	dave@joot.com
426	Jorge Godoy	godoy@metalab.unc.edu
198	Al Longyear	longyear@netcom.com
100	Toby Russell	trussl@hotmail.com
460	Dr. Robert J. Meier	robert.meier@fanucrobotics.com
367	Jakob Østergaard	jakob@ostenfeld.dk
461	Martin Wheeler	mwheeler@startext.co.uk
462	Harald Milz	hm@seneca.muc.de
129	Gregory Maxwell	howto@ds9a.nl
430	Martijn van Oosterhout	howto@ds9a.nl
431	Paul B. Schroeder	howto@ds9a.nl
429	Remco van Mook	howto@ds9a.nl
463	Daniel Manrique	roadmr@entropia.com.mx
464	Chuck Dale	bug@aphid.net
465	Tomasz Chmielewski	tch@writemail.com
381	Daniel Kiracofe	drk@unxsoft.com
466	Mike Sullivan	sullivam@us.ibm.com
467	Paul Schroeder	paulsch@us.ibm.com
393	Dan Pancamo	dan_pancamo@aimfunds.com
468	Parag Mehta	pm@gnuos.org
469	Rob Levin	support@openprojects.net
470	Greg Wierzchowski	greg.wierzchowski@usa.net
471	Tyson Lloyd Thwaites	tyson.lloydthwaites@ite.com.au
472	Randy Dunlap	rddunlap@ieee.org
473	Stefan Klinger	stk@users.sourceforge.net
474	Rui Li	ruili@worldnet.att.net
475	Bryan Henderson	bryanh@giraffe-data.com
476	Benjamin (Mako) Hill	mako@debian.org
149	Ram Samudrala	me@ram.org
215	John Huggins	vmelinux@va.net
478	Adam Buchbinder	EKKFVQDQVGEG@spammotel.com
479	Tolga Kilicli	tkilicli@anatolia.msis.metu.edu.tr
480	Anthony E. Greene	agreene@pobox.com
481	Julianne Frances Hough	jockgrrl@austin.rr.com
35	Winfried Trumper	winni@xpilot.org
482	Hugh Saunders	hugh@proteus.co.uk
483	Ari Makela	hauva@iki.fi
484	Sergey Nitikin	indexoffice.com
193	Tony Harris	tony@nmr.mgh.harvard.edu
485	Kristian Koehntopp	kris@koehntopp.de
477	Duane Dunston	duane@sukkha.homeip.net
386	Greg Louis	glouis@dynamicro.on.ca
285	Willem J. Atsma	watsma@mech.ubc.ca
56	Nicolai Langfeldt	janl@linpro.no
510	Stephen Stafford	stephen@clothcat.demon.co.uk
511	Steve Hyatt	shyatt@bigbangwidth.com
490	Tanmoy Prasad	Lilytanmoy@id.eth.net
399	Stefan Runkel	runkel@runkel-it.de
491	Gary Frerking	gary@frerking.org
12	Don	don@sabotage.org
116	Gene Wilburn	gwilburn@sympatico.ca
492	Jean-Philippe Guerard	jean-philippe.guerard@laposte.net
178	Friedemann Baitinger	baiti@toplink.net
493	Imran Ghory	ImranG@btinternet.com
494	Sharon D. Snider	snidersd@us.ibm.com
495	Nathan Zorn	zornnh@musc.edu
496	Casper Joost Eyckelhof	joost@dnd.utwente.nl
497	Russell Ingram	ringram@gargoylecc.com
223	Bert Hubert	bert.hubert@netherlabs.nl
498	Jasper Spaans	jasper@spaans.ds9a.nl
32	Pawel Skonecki	stona@kft.umcs.lublin.pl
499	Luc de Louw	luc@delouw.ch
500	Saqib Ali	saqib@seagate.com
501	Matt Wright	matt@consultmatt.co.uk
502	Deb Richardson	deb@thepuffingroup.com
503	Thomas Marteau	marteaut@esiee.fr
504	Jennifer Jobst	jobst@us.ibm.com
259	Sergiusz Pawlowicz	ser@metalab.unc.edu
506	Jan Stifter	j.stifter@medres.ch
525	Graham Lawton	
439	David Clerk	David.Clerc@cui.unige.ch
66	Miroslav Skoric	m.skoric@eunet.yu
406	Jorge Schneider	joerg.schneider@ira.uka.de
373	Arpad Magosanyi	mag@bunuel.tii.matav.hu
508	Mike G	mikkey@dynamo.com.ar
245	Bernd Reichert	reichert@dial.eunet.ch
512	Ed Hill	ed@eh3.com
513	Charles Curley	ccurley@trib.com
213	Kendall Grant Clark	kclark@cmpu.net
514	Eric Womack	eric@lasvegasdata.com
515	Sandro Poppi	spoppi@gmx.de
516	Pradeep Padala	ppadala@cise.ufl.edu
517	Sean Buckley	sean@redbug.uklinux.net
518	Ralf van Dooren	r.vdooren@snow.nl
519	Maninder Bali	m_b@vsnl.net
523	Scott Bronson	bronson@trestle.com
520	Joel Rosen	rosenjoel@yahoo.com
521	Marcelo Pereira da Silva	marcelo@pereira.com
522	Peter Bieringer	pb@bieringer.de
507	Vivek Venugopalan	vivekv@users.sourceforge.net
524	L. Patrick Smallwood	iamsure@psychasia.com
